recommendation_code,section,category,WHO_domain,trigger_summary,recommendation,service_provider,source,apa_reference,source_type,source_link,requires_human_validation,key_program_tag,implementation_note,trigger_tags,priority_weight
OSCA_001,OSCA / Benefit Navigation,benefits,Environment,"No senior citizen ID, incomplete OSCA record, or unverified senior status","Verify or update senior citizen registration and OSCA record for ID, benefits, and local service coordination.","OSCA, Office of the Mayor, LGU",Senior Citizens Act / OSCA,Republic Act No. 7432. (1992). Senior Citizens Act.,Philippine law,https://www.dilg.gov.ph/PDF_File/issuances/republic_acts/RA_7432.PDF,TRUE,OSCA,Use as decision support only; verify eligibility and availability with OSCA/RHU/MSWDO/authorized office.,osca_navigation,2
OSCA_002,OSCA / Benefit Navigation,benefits,Environment,Senior is unaware of benefits or privileges,"Refer the senior to OSCA for orientation on senior citizen rights, privileges, and local benefit pathways.","OSCA, LGU",NCSC senior citizen rights and privileges,National Commission of Senior Citizens. (2023). What are the rights and privileges of senior citizens?,Philippine government information source,https://www.ncsc.gov.ph/post/what-are-the-rights-and-privileges-of-senior-citizens,TRUE,OSCA,Use as decision support only; verify eligibility and availability with OSCA/RHU/MSWDO/authorized office.,benefits_unaware,1
OSCA_003,OSCA / Benefit Navigation,benefits,Environment,No NCSC registration or incomplete national registry details,Assist the senior with NCSC registration or local support for national senior citizen database inclusion.,"NCSC, OSCA, LGU",NCSC senior citizen rights and privileges,National Commission of Senior Citizens. (2023). What are the rights and privileges of senior citizens?,Philippine government information source,https://www.ncsc.gov.ph/post/what-are-the-rights-and-privileges-of-senior-citizens,TRUE,OSCA,Use as decision support only; verify eligibility and availability with OSCA/RHU/MSWDO/authorized office.,,1
OSCA_004,OSCA / Benefit Navigation,benefits,Environment,Senior reports difficulty claiming discounts or services,"Refer to OSCA for assistance in resolving senior citizen discount, service denial, or privilege concerns.","OSCA, LGU, concerned agency",NCSC senior citizen rights and privileges,National Commission of Senior Citizens. (2023). What are the rights and privileges of senior citizens?,Philippine government information source,https://www.ncsc.gov.ph/post/what-are-the-rights-and-privileges-of-senior-citizens,TRUE,OSCA,Use as decision support only; verify eligibility and availability with OSCA/RHU/MSWDO/authorized office.,,1
OSCA_005,OSCA / Benefit Navigation,benefits,Environment,Senior needs help preparing benefit documents,"Assist the senior in preparing documents for PhilHealth, Social Pension, AICS, PCSO, Malasakit, or local assistance referrals.","OSCA, MSWDO/CSWDO, family representative",Senior Citizens Act / OSCA,Republic Act No. 7432. (1992). Senior Citizens Act.,Philippine law,https://www.dilg.gov.ph/PDF_File/issuances/republic_acts/RA_7432.PDF,TRUE,OSCA,Use as decision support only; verify eligibility and availability with OSCA/RHU/MSWDO/authorized office.,,1
OSCA_006,OSCA / Benefit Navigation,benefits,Environment,Senior has multiple unmet needs and unclear service pathway,Create an OSCA referral summary indicating the senior's priority concerns and offices to coordinate with.,"OSCA, MSWDO/CSWDO, RHU/BHC",Senior Citizens Act / OSCA,Republic Act No. 7432. (1992). Senior Citizens Act.,Philippine law,https://www.dilg.gov.ph/PDF_File/issuances/republic_acts/RA_7432.PDF,TRUE,OSCA,Use as decision support only; verify eligibility and availability with OSCA/RHU/MSWDO/authorized office.,multiple_unmet_needs,2
OSCA_007,OSCA / Benefit Navigation,benefits,Environment,Senior has low awareness of local activities,"Inform the senior about OSCA announcements, senior citizen association activities, and local health or social programs.","OSCA, Senior Citizen Association, Barangay",Senior Citizens Act / OSCA,Republic Act No. 7432. (1992). Senior Citizens Act.,Philippine law,https://www.dilg.gov.ph/PDF_File/issuances/republic_acts/RA_7432.PDF,TRUE,OSCA,Use as decision support only; verify eligibility and availability with OSCA/RHU/MSWDO/authorized office.,low_participation,1
OSCA_008,OSCA / Benefit Navigation,benefits,Environment,Senior has difficulty navigating online or paper-based services,"Assign assisted service navigation through OSCA staff, barangay worker, or authorized family representative.","OSCA, Barangay, Family representative",NCSC senior citizen rights and privileges,National Commission of Senior Citizens. (2023). What are the rights and privileges of senior citizens?,Philippine government information source,https://www.ncsc.gov.ph/post/what-are-the-rights-and-privileges-of-senior-citizens,TRUE,OSCA,Use as decision support only; verify eligibility and availability with OSCA/RHU/MSWDO/authorized office.,,1
OSCA_009,OSCA / Benefit Navigation,benefits,Environment,Senior with urgent/high risk needs multiple agency referrals,"Prepare a consolidated referral checklist for OSCA, MSWDO, RHU, PhilHealth, and barangay follow-up.","OSCA, MSWDO/CSWDO, RHU/BHC, Barangay",Senior Citizens Act / OSCA,Republic Act No. 7432. (1992). Senior Citizens Act.,Philippine law,https://www.dilg.gov.ph/PDF_File/issuances/republic_acts/RA_7432.PDF,TRUE,OSCA,Use as decision support only; verify eligibility and availability with OSCA/RHU/MSWDO/authorized office.,high_risk,2
OSCA_010,OSCA / Benefit Navigation,benefits,Environment,Senior has no record of senior association membership,Verify if the senior is connected to a local senior citizen organization and offer assistance if interested.,"OSCA, Senior Citizen Association",Senior Citizens Act / OSCA,Republic Act No. 7432. (1992). Senior Citizens Act.,Philippine law,https://www.dilg.gov.ph/PDF_File/issuances/republic_acts/RA_7432.PDF,TRUE,OSCA,Use as decision support only; verify eligibility and availability with OSCA/RHU/MSWDO/authorized office.,not_association_member,1
UHC_001,PhilHealth / Universal Health Care,healthcare_access,Environment,Senior has no PhilHealth status on record,Verify PhilHealth senior citizen membership or coverage through OSCA or PhilHealth LHIO.,"PhilHealth, OSCA, LHIO",PhilHealth Senior Citizens membership,Philippine Health Insurance Corporation. (n.d.). Senior citizens.,Philippine government health insurance program,https://www.philhealth.gov.ph/members/senior/,TRUE,Universal Health Care,Use as decision support only; verify eligibility and availability with OSCA/RHU/MSWDO/authorized office.,philhealth_gap,2
UHC_002,PhilHealth / Universal Health Care,healthcare_access,Environment,Senior is 60+ and PhilHealth coverage is unclear,Validate mandatory senior citizen coverage under PhilHealth and update the senior's record.,"PhilHealth, OSCA, LHIO",Mandatory PhilHealth coverage for senior citizens,Republic Act No. 10645. (2014). An Act Providing for the Mandatory PhilHealth Coverage for All Senior Citizens.,Philippine law,https://elibrary.judiciary.gov.ph/thebookshelf/showdocs/2/60453,TRUE,Universal Health Care,Use as decision support only; verify eligibility and availability with OSCA/RHU/MSWDO/authorized office.,philhealth_gap,1
UHC_003,PhilHealth / Universal Health Care,healthcare_access,Environment,Senior needs a primary care provider,Assist the senior in selecting or verifying a YAKAP/Konsulta clinic for primary-care access.,"PhilHealth YAKAP/Konsulta, RHU/BHC, OSCA",PhilHealth YAKAP / Konsulta primary care benefit,Philippine Health Insurance Corporation. (n.d.). PhilHealth YAKAP: Yaman ng Kalusugan Program.,Philippine government primary care program,https://www.philhealth.gov.ph/yakap/,TRUE,Universal Health Care,Use as decision support only; verify eligibility and availability with OSCA/RHU/MSWDO/authorized office.,no_checkup,1
UHC_004,PhilHealth / Universal Health Care,healthcare_access,Environment,No regular checkup or checkup status unknown,Refer the senior to RHU/BHC or YAKAP/Konsulta provider for a primary-care consultation.,"RHU/BHC, PhilHealth YAKAP/Konsulta",PhilHealth YAKAP / Konsulta primary care benefit,Philippine Health Insurance Corporation. (n.d.). PhilHealth YAKAP: Yaman ng Kalusugan Program.,Philippine government primary care program,https://www.philhealth.gov.ph/yakap/,TRUE,Universal Health Care,Use as decision support only; verify eligibility and availability with OSCA/RHU/MSWDO/authorized office.,no_checkup,2
UHC_005,PhilHealth / Universal Health Care,healthcare_access,Environment,Senior has chronic condition and no consistent follow-up,Coordinate continuing primary-care follow-up through RHU/BHC or YAKAP/Konsulta provider.,"RHU/BHC, PhilHealth YAKAP/Konsulta",Universal Health Care Act,Republic Act No. 11223. (2019). Universal Health Care Act.,Philippine law,https://elibrary.judiciary.gov.ph/thebookshelf/showdocs/2/86448,TRUE,Universal Health Care,Use as decision support only; verify eligibility and availability with OSCA/RHU/MSWDO/authorized office.,access_gap_chronic,3
UHC_006,PhilHealth / Universal Health Care,healthcare_access,Environment,Senior needs preventive screening,Verify YAKAP/Konsulta primary-care benefit availability for preventive checkup and appropriate laboratory services.,"PhilHealth YAKAP/Konsulta, RHU/BHC",PhilHealth YAKAP / Konsulta primary care benefit,Philippine Health Insurance Corporation. (n.d.). PhilHealth YAKAP: Yaman ng Kalusugan Program.,Philippine government primary care program,https://www.philhealth.gov.ph/yakap/,TRUE,Universal Health Care,Use as decision support only; verify eligibility and availability with OSCA/RHU/MSWDO/authorized office.,no_checkup,1
UHC_007,PhilHealth / Universal Health Care,healthcare_access,Environment,Senior has medicine access difficulty,"Check YAKAP/GAMOT, RHU medicine assistance, or LGU medicine support availability for eligible medicines.","PhilHealth YAKAP/GAMOT, RHU/BHC, LGU",PhilHealth YAKAP / Konsulta primary care benefit,Philippine Health Insurance Corporation. (n.d.). PhilHealth YAKAP: Yaman ng Kalusugan Program.,Philippine government primary care program,https://www.philhealth.gov.ph/yakap/,TRUE,Universal Health Care,Use as decision support only; verify eligibility and availability with OSCA/RHU/MSWDO/authorized office.,medical_cost_strain,2
UHC_008,PhilHealth / Universal Health Care,healthcare_access,Environment,Senior has difficulty understanding PhilHealth benefits,Provide assisted benefit verification through PhilHealth or hospital eligibility checking when care is needed.,"PhilHealth, hospital, OSCA",PhilHealth Senior Citizens membership,Philippine Health Insurance Corporation. (n.d.). Senior citizens.,Philippine government health insurance program,https://www.philhealth.gov.ph/members/senior/,TRUE,Universal Health Care,Use as decision support only; verify eligibility and availability with OSCA/RHU/MSWDO/authorized office.,,1
UHC_009,PhilHealth / Universal Health Care,healthcare_access,Environment,Senior has outpatient care needs,Refer to primary care provider network before specialist or hospital referral when appropriate.,"RHU/BHC, YAKAP/Konsulta provider",Universal Health Care Act,Republic Act No. 11223. (2019). Universal Health Care Act.,Philippine law,https://elibrary.judiciary.gov.ph/thebookshelf/showdocs/2/86448,TRUE,Universal Health Care,Use as decision support only; verify eligibility and availability with OSCA/RHU/MSWDO/authorized office.,medical_concern_present,1
UHC_010,PhilHealth / Universal Health Care,healthcare_access,Environment,Senior needs patient navigation,Refer to a Malasakit Center or primary-care provider for patient navigation and benefit information if hospital care is involved.,"Malasakit Center, PhilHealth, RHU/BHC",Malasakit Centers Act,Republic Act No. 11463. (2019). Malasakit Centers Act.,Philippine law,https://elibrary.judiciary.gov.ph/thebookshelf/showdocs/2/92793,TRUE,Universal Health Care,Use as decision support only; verify eligibility and availability with OSCA/RHU/MSWDO/authorized office.,multiple_unmet_needs,1
HLT_001,Health / Chronic Disease Referral,health,Intrinsic Capacity,Reported hypertension or high blood pressure,Refer to RHU/BHC for blood pressure monitoring and physician-led hypertension follow-up.,"RHU/BHC, DOH primary care provider",DOH PhilPEN protocol for hypertension and diabetes,Department of Health. (2012). Philippine Package of Essential Noncommunicable Disease Interventions: PhilPEN protocol on the integrated management of hypertension and diabetes in primary health care facilities.,Philippine public health protocol,https://www.foi.gov.ph/documents/25527/ao2012-0029.PDF,TRUE,,Use as decision support only; verify eligibility and availability with OSCA/RHU/MSWDO/authorized office.,dx_hypertension,4
HLT_002,Health / Chronic Disease Referral,health,Intrinsic Capacity,Reported diabetes or blood sugar concern,Refer to RHU/BHC or YAKAP provider for blood sugar monitoring and physician-led diabetes follow-up.,"RHU/BHC, YAKAP/Konsulta provider",DOH PhilPEN protocol for hypertension and diabetes,Department of Health. (2012). Philippine Package of Essential Noncommunicable Disease Interventions: PhilPEN protocol on the integrated management of hypertension and diabetes in primary health care facilities.,Philippine public health protocol,https://www.foi.gov.ph/documents/25527/ao2012-0029.PDF,TRUE,,Use as decision support only; verify eligibility and availability with OSCA/RHU/MSWDO/authorized office.,dx_diabetes,4
HLT_003,Health / Chronic Disease Referral,health,Intrinsic Capacity,Both hypertension and diabetes indicators are present,Flag for coordinated primary-care management rather than separate uncoordinated advice.,"RHU/BHC, DOH primary care provider",DOH PhilPEN protocol for hypertension and diabetes,Department of Health. (2012). Philippine Package of Essential Noncommunicable Disease Interventions: PhilPEN protocol on the integrated management of hypertension and diabetes in primary health care facilities.,Philippine public health protocol,https://www.foi.gov.ph/documents/25527/ao2012-0029.PDF,TRUE,,Use as decision support only; verify eligibility and availability with OSCA/RHU/MSWDO/authorized office.,dx_htn_dm,4
HLT_004,Health / Preventive Care,health,Intrinsic Capacity,Advanced age or no regular wellness follow-up,Refer to LGU/RHU senior health and wellness program when available.,"RHU/BHC, LGU health office",DOH senior citizen health program,Department of Health. (2015). Administrative Order No. 2015-0009: National Policy on the Health and Wellness Program for Senior Citizens.,Philippine public health policy,https://elibrary.judiciary.gov.ph/thebookshelf/showdocs/10/68161,TRUE,,Use as decision support only; verify eligibility and availability with OSCA/RHU/MSWDO/authorized office.,preventive_due,1
HLT_005,Health / Medicine Access,health,Intrinsic Capacity,High medicine cost or maintenance medicine concern,Remind the senior to use the 20% senior citizen discount and VAT exemption for prescribed medicines.,"OSCA, pharmacy, prescribing provider",Expanded Senior Citizens Act of 2010,Republic Act No. 9994. (2010). Expanded Senior Citizens Act of 2010.,Philippine law,https://lawphil.net/statutes/repacts/ra2010/ra_9994_2010.html,TRUE,,Use as decision support only; verify eligibility and availability with OSCA/RHU/MSWDO/authorized office.,medical_cost_strain,3
HLT_006,Health / Medicine Access,health,Intrinsic Capacity,Senior has difficulty buying medicines,"Verify RHU/LGU medicine assistance, YAKAP/GAMOT, AICS, or PCSO assistance as appropriate.","RHU/BHC, LGU, PhilHealth, DSWD, PCSO",PhilHealth YAKAP / Konsulta primary care benefit,Philippine Health Insurance Corporation. (n.d.). PhilHealth YAKAP: Yaman ng Kalusugan Program.,Philippine government primary care program,https://www.philhealth.gov.ph/yakap/,TRUE,,Use as decision support only; verify eligibility and availability with OSCA/RHU/MSWDO/authorized office.,medical_cost_strain,2
HLT_007,Health / Medicine Access,health,Intrinsic Capacity,Senior cannot present purchase booklet for medicine/device discount,"Inform staff that purchase booklet is no longer required for senior medicine/device discount under current FDA circular, subject to valid senior ID and prescription rules.","Pharmacy, OSCA, FDA/DOH-regulated establishments",FDA removal of purchase booklet requirement for senior medicine/device discount,Food and Drug Administration. (2025). FDA Circular No. 2025-005: Delisting of purchase booklet from the checklist of requirements to avail of the 20% senior citizen discount on medicines and medical devices.,Philippine regulatory circular,https://www.fda.gov.ph/fda-circular-no-2025-005-delisting-of-purchase-booklet-from-the-checklist-of-requirements-to-avail-of-the-20-senior-citizen-discount-on-the-purchase-of-medicines-and-medical-devices-in-accordance-w/,TRUE,,Use as decision support only; verify eligibility and availability with OSCA/RHU/MSWDO/authorized office.,,1
HLT_008,Health / Vaccination / Prevention,health,Intrinsic Capacity,Senior has vaccine-preventable risk concern,Verify senior citizen discount eligibility for influenza or pneumococcal vaccines when prescribed or available.,"RHU/BHC, pharmacy, OSCA",Expanded Senior Citizens Act of 2010,Republic Act No. 9994. (2010). Expanded Senior Citizens Act of 2010.,Philippine law,https://lawphil.net/statutes/repacts/ra2010/ra_9994_2010.html,TRUE,,Use as decision support only; verify eligibility and availability with OSCA/RHU/MSWDO/authorized office.,preventive_due,1
HLT_009,Health / Dental,health,Intrinsic Capacity,"Dental concern, dentures concern, oral pain, or chewing difficulty",Refer to RHU/public dental service or accredited dental provider and verify senior citizen dental-service benefits.,"RHU/BHC, public dental service, OSCA",Expanded Senior Citizens Act of 2010,Republic Act No. 9994. (2010). Expanded Senior Citizens Act of 2010.,Philippine law,https://lawphil.net/statutes/repacts/ra2010/ra_9994_2010.html,TRUE,,Use as decision support only; verify eligibility and availability with OSCA/RHU/MSWDO/authorized office.,dental_concern,3
HLT_010,Health / Vision,health,Intrinsic Capacity,"Blurred vision, eye concern, or poor vision",Refer for eye screening and assess need for eyeglasses or cataract-related benefit verification.,"RHU/BHC, eye clinic, OSCA",Expanded Senior Citizens Act of 2010,Republic Act No. 9994. (2010). Expanded Senior Citizens Act of 2010.,Philippine law,https://lawphil.net/statutes/repacts/ra2010/ra_9994_2010.html,TRUE,,Use as decision support only; verify eligibility and availability with OSCA/RHU/MSWDO/authorized office.,vision_concern,3
HLT_011,Health / Vision,health,Intrinsic Capacity,Cataract-related concern or physician-advised cataract care,Verify PhilHealth cataract benefit pathway through an accredited provider after clinical assessment.,"PhilHealth-accredited facility, RHU referral",PhilHealth cataract benefit package,Philippine Health Insurance Corporation. (2025). Benefits Package for Extracapsular Cataract Extraction with Intraocular Lens Implantation.,Philippine health benefit package,https://www.philhealth.gov.ph/circulars/2025/PC2025-0001.pdf,TRUE,,Use as decision support only; verify eligibility and availability with OSCA/RHU/MSWDO/authorized office.,vision_concern,2
HLT_012,Health / Hearing,health,Intrinsic Capacity,Hearing difficulty or hearing aid need,Refer for hearing assessment and possible hearing-aid assistance or discount verification.,"RHU/BHC, ENT/audiology provider, OSCA/MSWDO",Expanded Senior Citizens Act of 2010,Republic Act No. 9994. (2010). Expanded Senior Citizens Act of 2010.,Philippine law,https://lawphil.net/statutes/repacts/ra2010/ra_9994_2010.html,TRUE,,Use as decision support only; verify eligibility and availability with OSCA/RHU/MSWDO/authorized office.,hearing_concern,3
HLT_013,Health / TB Referral,health,Intrinsic Capacity,Possible TB symptoms or TB-related concern,Refer to RHU or PhilHealth-accredited TB-DOTS provider for screening and treatment pathway.,"RHU/BHC, TB-DOTS provider",PhilHealth TB-DOTS Package,Philippine Health Insurance Corporation. (2014). PhilHealth TB DOTS Package.,Philippine health benefit package,https://www.philhealth.gov.ph/circulars/2014/circ14_2014.pdf,TRUE,,Use as decision support only; verify eligibility and availability with OSCA/RHU/MSWDO/authorized office.,dx_tb,4
HLT_014,Health / Dialysis,healthcare_access,Intrinsic Capacity,Kidney disease or dialysis need,Verify current PhilHealth dialysis benefits and additional assistance pathways.,"PhilHealth, accredited dialysis provider, MSWDO",PhilHealth benefits,Philippine Health Insurance Corporation. (n.d.). Benefits.,Philippine health benefit information,https://www.philhealth.gov.ph/benefits/,TRUE,,Use as decision support only; verify eligibility and availability with OSCA/RHU/MSWDO/authorized office.,dx_kidney,4
HLT_015,Health / Dialysis,healthcare_access,Intrinsic Capacity,Senior undergoing hemodialysis,Verify current PhilHealth hemodialysis coverage through accredited providers.,"PhilHealth, accredited dialysis provider",PhilHealth expanded hemodialysis benefits,Philippine Health Insurance Corporation. (2025). PhilHealth's expanded benefits bring financial relief to patients undergoing hemodialysis.,Philippine health benefit update,https://www.philhealth.gov.ph/news/up/article/2025/news_67e9e793775ed.php,TRUE,,Use as decision support only; verify eligibility and availability with OSCA/RHU/MSWDO/authorized office.,dx_kidney,3
HLT_016,Health / Heart Disease,health,Intrinsic Capacity,Reported serious heart disease or cardiovascular concern,Refer to RHU/BHC or YAKAP provider for physician-led cardiovascular assessment and referral if needed.,"RHU/BHC, YAKAP provider",DOH PhilPEN protocol for hypertension and diabetes,Department of Health. (2012). Philippine Package of Essential Noncommunicable Disease Interventions: PhilPEN protocol on the integrated management of hypertension and diabetes in primary health care facilities.,Philippine public health protocol,https://www.foi.gov.ph/documents/25527/ao2012-0029.PDF,TRUE,,Use as decision support only; verify eligibility and availability with OSCA/RHU/MSWDO/authorized office.,dx_cardiac,4
HLT_017,Health / Heart Benefit Verification,healthcare_access,Intrinsic Capacity,Physician-confirmed heart surgery need,Verify possible PhilHealth Z Benefits coverage only after physician-confirmed diagnosis and accredited-provider assessment.,"PhilHealth-accredited hospital, PhilHealth",PhilHealth Z Benefits Package for Open Heart Surgeries,Philippine Health Insurance Corporation. (2025). Z Benefits Package for Open Heart Surgeries.,Philippine health benefit package,https://partners.philhealth.gov.ph/portal/assets/circulars/PC2025-0004.pdf,TRUE,,Use as decision support only; verify eligibility and availability with OSCA/RHU/MSWDO/authorized office.,dx_cardiac,2
HLT_018,Health / Cancer Screening,health,Intrinsic Capacity,Age-appropriate cancer screening need or family concern,Verify applicable cancer screening services through YAKAP/Konsulta provider or RHU referral.,"YAKAP/Konsulta provider, RHU/BHC",PhilHealth YAKAP / Konsulta primary care benefit,Philippine Health Insurance Corporation. (n.d.). PhilHealth YAKAP: Yaman ng Kalusugan Program.,Philippine government primary care program,https://www.philhealth.gov.ph/yakap/,TRUE,,Use as decision support only; verify eligibility and availability with OSCA/RHU/MSWDO/authorized office.,dx_cancer,2
HLT_019,Health / Senior Wellness,health,Intrinsic Capacity,General health risk without urgent illness,Refer to RHU/LGU senior health program for age-appropriate wellness counseling and follow-up.,"RHU/BHC, LGU health office",DOH senior citizen health program,Department of Health. (2015). Administrative Order No. 2015-0009: National Policy on the Health and Wellness Program for Senior Citizens.,Philippine public health policy,https://elibrary.judiciary.gov.ph/thebookshelf/showdocs/10/68161,TRUE,,Use as decision support only; verify eligibility and availability with OSCA/RHU/MSWDO/authorized office.,chronic_disease,1
HLT_020,Health / Clinical Safety,health,Intrinsic Capacity,Medical concern that requires professional evaluation,Use referral wording only: coordinate RHU/BHC or qualified provider assessment; do not give direct diagnosis or treatment instruction.,"RHU/BHC, qualified health provider",Universal Health Care Act,Republic Act No. 11223. (2019). Universal Health Care Act.,Philippine law,https://elibrary.judiciary.gov.ph/thebookshelf/showdocs/2/86448,TRUE,,Use as decision support only; verify eligibility and availability with OSCA/RHU/MSWDO/authorized office.,medical_concern_present,2
MED_001,Medical Financial Assistance,healthcare_access,Environment,"Hospital bill, confinement, or hospital-based treatment cost",Refer to Malasakit Center if the hospital has one for coordinated medical and financial assistance.,"Malasakit Center, DOH hospital, PGH, participating agencies",Malasakit Centers Act,Republic Act No. 11463. (2019). Malasakit Centers Act.,Philippine law,https://elibrary.judiciary.gov.ph/thebookshelf/showdocs/2/92793,TRUE,,Use as decision support only; verify eligibility and availability with OSCA/RHU/MSWDO/authorized office.,medical_cost_strain,3
MED_002,Medical Financial Assistance,healthcare_access,Environment,Senior is financially incapacitated while admitted,Use Malasakit Center patient navigation and referral pathway for benefit information and assistance.,"Malasakit Center, hospital social service",Malasakit Centers Act IRR / Joint implementing source,"Department of Health, Department of Social Welfare and Development, Philippine Charity Sweepstakes Office, & Philippine Health Insurance Corporation. (2020). Joint Administrative Order No. 2020-0001: Implementing Rules and Regulations of Republic Act No. 11463.",Philippine government joint administrative order,https://law.upd.edu.ph/wp-content/uploads/2021/04/DOH-DSWD-PCSO-PHIC-Joint-Administrative-Order-No-2020-0001.pdf,TRUE,,Use as decision support only; verify eligibility and availability with OSCA/RHU/MSWDO/authorized office.,medical_cost_strain,3
MED_003,Medical Financial Assistance,healthcare_access,Environment,"Major medical expenses, medicines, chemotherapy, dialysis, surgery, or diagnostic cost",Assist with PCSO Medical Assistance Program document preparation.,"PCSO, hospital social service, OSCA/MSWDO",PCSO Medical Assistance Program,Philippine Charity Sweepstakes Office. (n.d.). Medical Assistance Program.,Philippine government medical assistance program,https://www.pcso.gov.ph/ProgramsAndServices/CAD/MedicalAccessProgram.aspx,TRUE,,Use as decision support only; verify eligibility and availability with OSCA/RHU/MSWDO/authorized office.,medical_cost_strain,3
MED_004,Medical Financial Assistance,healthcare_access,Environment,Senior or family can submit online application,Assist with PCSO Online MAP application pathway if digital access is available.,"PCSO Online MAP, family/OSCA support",PCSO Medical Assistance Program Online Application System,Philippine Charity Sweepstakes Office. (n.d.). Medical Assistance Program Online Application System.,Philippine government medical assistance portal,https://onlinemap.pcso.gov.ph/,TRUE,,Use as decision support only; verify eligibility and availability with OSCA/RHU/MSWDO/authorized office.,,1
MED_005,Medical Financial Assistance,healthcare_access,Environment,Medical expense is urgent and household has low capacity to pay,Refer to DSWD AICS medical assistance assessment through MSWDO/CSWDO.,"DSWD AICS, MSWDO/CSWDO",Assistance to Individuals in Crisis Situation,Department of Social Welfare and Development. (n.d.). AICS Program: Assistance to Individuals in Crisis Situation.,Philippine government crisis assistance program,https://aics.dswd.gov.ph/aics-program/,TRUE,,Use as decision support only; verify eligibility and availability with OSCA/RHU/MSWDO/authorized office.,medical_cost_strain,2
MED_006,Medical Financial Assistance,healthcare_access,Environment,Medical expense plus transportation barrier,Refer to AICS for possible medical and transportation assistance assessment.,"DSWD AICS, MSWDO/CSWDO",Assistance to Individuals in Crisis Situation,Department of Social Welfare and Development. (n.d.). AICS Program: Assistance to Individuals in Crisis Situation.,Philippine government crisis assistance program,https://aics.dswd.gov.ph/aics-program/,TRUE,,Use as decision support only; verify eligibility and availability with OSCA/RHU/MSWDO/authorized office.,transport_barrier,2
MED_007,Medical Financial Assistance,healthcare_access,Environment,Cancer-related treatment cost,"Refer to PCSO MAP, Malasakit Center, DSWD AICS, or PhilHealth benefit verification depending on treatment setting.","PCSO, Malasakit Center, DSWD, PhilHealth",PCSO Medical Assistance Program,Philippine Charity Sweepstakes Office. (n.d.). Medical Assistance Program.,Philippine government medical assistance program,https://www.pcso.gov.ph/ProgramsAndServices/CAD/MedicalAccessProgram.aspx,TRUE,,Use as decision support only; verify eligibility and availability with OSCA/RHU/MSWDO/authorized office.,dx_cancer,3
MED_008,Medical Financial Assistance,healthcare_access,Environment,Expensive laboratory or diagnostic procedure,"Assess eligibility for PCSO MAP, AICS, or Malasakit Center assistance if financially difficult.","PCSO, DSWD AICS, Malasakit Center",PCSO Medical Assistance Program,Philippine Charity Sweepstakes Office. (n.d.). Medical Assistance Program.,Philippine government medical assistance program,https://www.pcso.gov.ph/ProgramsAndServices/CAD/MedicalAccessProgram.aspx,TRUE,,Use as decision support only; verify eligibility and availability with OSCA/RHU/MSWDO/authorized office.,medical_cost_strain,1
MED_009,Medical Financial Assistance,healthcare_access,Environment,Assistive medical device prescribed and unaffordable,Verify PCSO MAP or AICS support pathway for medical device assistance if eligible.,"PCSO, DSWD AICS, MSWDO",PCSO Medical Assistance Program,Philippine Charity Sweepstakes Office. (n.d.). Medical Assistance Program.,Philippine government medical assistance program,https://www.pcso.gov.ph/ProgramsAndServices/CAD/MedicalAccessProgram.aspx,TRUE,,Use as decision support only; verify eligibility and availability with OSCA/RHU/MSWDO/authorized office.,assistive_device_need,2
MED_010,Medical Financial Assistance,healthcare_access,Environment,Senior has hospital care but no clear benefits information,"Request hospital social service or Malasakit Center guidance on PhilHealth, PCSO, and DSWD assistance.","Hospital social service, Malasakit Center",Malasakit Centers Act,Republic Act No. 11463. (2019). Malasakit Centers Act.,Philippine law,https://elibrary.judiciary.gov.ph/thebookshelf/showdocs/2/92793,TRUE,,Use as decision support only; verify eligibility and availability with OSCA/RHU/MSWDO/authorized office.,,1
MED_011,Medical Financial Assistance,healthcare_access,Environment,High-risk senior with multiple medical expenses,"Create combined assistance pathway: PhilHealth verification, Malasakit/PCSO/AICS referral, and OSCA document support.","OSCA, PhilHealth, MSWDO, PCSO, Malasakit Center",Malasakit Centers Act IRR / Joint implementing source,"Department of Health, Department of Social Welfare and Development, Philippine Charity Sweepstakes Office, & Philippine Health Insurance Corporation. (2020). Joint Administrative Order No. 2020-0001: Implementing Rules and Regulations of Republic Act No. 11463.",Philippine government joint administrative order,https://law.upd.edu.ph/wp-content/uploads/2021/04/DOH-DSWD-PCSO-PHIC-Joint-Administrative-Order-No-2020-0001.pdf,TRUE,,Use as decision support only; verify eligibility and availability with OSCA/RHU/MSWDO/authorized office.,high_risk,2
MED_012,Medical Financial Assistance,healthcare_access,Environment,TB treatment or diagnostic access concern,Verify PhilHealth TB-DOTS package and RHU referral pathway.,"RHU/BHC, TB-DOTS provider, PhilHealth",PhilHealth TB-DOTS Package,Philippine Health Insurance Corporation. (2014). PhilHealth TB DOTS Package.,Philippine health benefit package,https://www.philhealth.gov.ph/circulars/2014/circ14_2014.pdf,TRUE,,Use as decision support only; verify eligibility and availability with OSCA/RHU/MSWDO/authorized office.,dx_tb,3
FIN_001,Financial / Social Protection,financial,Environment,"Low income, no pension, frailty/sickness/disability, no regular family support",Refer for Social Pension validation through OSCA/MSWDO/NCSC or DSWD process.,"OSCA, MSWDO/CSWDO, DSWD/NCSC",Social Pension Program for Indigent Senior Citizens,Department of Social Welfare and Development. (n.d.). Social Pension (SocPen).,Philippine government social welfare program,https://www.dswd.gov.ph/social-pension/,TRUE,SocPen,Use as decision support only; verify eligibility and availability with OSCA/RHU/MSWDO/authorized office.,low_income,3
FIN_002,Financial / Social Protection,financial,Environment,Senior has no permanent source of income,Assess Social Pension eligibility and document requirements through OSCA/MSWDO.,"OSCA, MSWDO/CSWDO",Social Pension Program for Indigent Senior Citizens,Department of Social Welfare and Development Field Office CAR. (n.d.). Social Pension Program for Indigent Senior Citizens.,Philippine government social welfare program,https://car.dswd.gov.ph/programs-services/protective-services-program/social-pension-program-for-indigent-senior-citizens/,TRUE,SocPen,Use as decision support only; verify eligibility and availability with OSCA/RHU/MSWDO/authorized office.,no_pension,3
FIN_003,Financial / Social Protection,financial,Environment,"Senior is frail, sickly, disabled, and unsupported",Prioritize Social Pension screening and social case assessment.,"OSCA, MSWDO/CSWDO, DSWD",Social Pension Program for Indigent Senior Citizens,Department of Social Welfare and Development Field Office CAR. (n.d.). Social Pension Program for Indigent Senior Citizens.,Philippine government social welfare program,https://car.dswd.gov.ph/programs-services/protective-services-program/social-pension-program-for-indigent-senior-citizens/,TRUE,SocPen,Use as decision support only; verify eligibility and availability with OSCA/RHU/MSWDO/authorized office.,frailty,3
FIN_004,Financial / Social Protection,financial,Environment,Senior has crisis-related financial need,Refer to DSWD AICS for social-worker assessment of appropriate assistance type.,"DSWD AICS, MSWDO/CSWDO",Assistance to Individuals in Crisis Situation,Department of Social Welfare and Development. (n.d.). AICS Program: Assistance to Individuals in Crisis Situation.,Philippine government crisis assistance program,https://aics.dswd.gov.ph/aics-program/,TRUE,,Use as decision support only; verify eligibility and availability with OSCA/RHU/MSWDO/authorized office.,financial_crisis,3
FIN_005,Financial / Social Protection,financial,Environment,Food insecurity or unstable daily subsistence,Refer to AICS food assistance or MSWDO assessment.,"DSWD AICS, MSWDO/CSWDO",Assistance to Individuals in Crisis Situation,Department of Social Welfare and Development. (n.d.). AICS Program: Assistance to Individuals in Crisis Situation.,Philippine government crisis assistance program,https://aics.dswd.gov.ph/aics-program/,TRUE,,Use as decision support only; verify eligibility and availability with OSCA/RHU/MSWDO/authorized office.,food_insecurity,3
FIN_006,Financial / Social Protection,financial,Environment,Transportation cost prevents health care access,Refer to AICS transportation assistance assessment if crisis-related.,"DSWD AICS, MSWDO/CSWDO",Assistance to Individuals in Crisis Situation,Department of Social Welfare and Development. (n.d.). AICS Program: Assistance to Individuals in Crisis Situation.,Philippine government crisis assistance program,https://aics.dswd.gov.ph/aics-program/,TRUE,,Use as decision support only; verify eligibility and availability with OSCA/RHU/MSWDO/authorized office.,transport_barrier,2
FIN_007,Financial / Social Protection,financial,Environment,Burial-related financial difficulty reported by family,Refer family to AICS burial assistance assessment.,"DSWD AICS, MSWDO/CSWDO",Assistance to Individuals in Crisis Situation,Department of Social Welfare and Development. (n.d.). AICS Program: Assistance to Individuals in Crisis Situation.,Philippine government crisis assistance program,https://aics.dswd.gov.ph/aics-program/,TRUE,,Use as decision support only; verify eligibility and availability with OSCA/RHU/MSWDO/authorized office.,,1
FIN_008,Financial / Social Protection,financial,Environment,Basic needs are difficult to meet,"Refer to MSWDO/DSWD AICS for possible food, cash, or other crisis assistance assessment.","MSWDO/CSWDO, DSWD AICS",Assistance to Individuals in Crisis Situation,Department of Social Welfare and Development. (n.d.). AICS Program: Assistance to Individuals in Crisis Situation.,Philippine government crisis assistance program,https://aics.dswd.gov.ph/aics-program/,TRUE,,Use as decision support only; verify eligibility and availability with OSCA/RHU/MSWDO/authorized office.,low_income,2
FIN_009,Financial / Social Protection,benefits,Environment,Senior age is 80,Check eligibility for Expanded Centenarians Act cash gift at age 80.,"NCSC, OSCA, LGU/MSWDO",Expanded Centenarians Act,Republic Act No. 11982. (2024). Expanded Centenarians Act.,Philippine law,https://lawphil.net/statutes/repacts/ra2024/ra_11982_2024.html,TRUE,,Use as decision support only; verify eligibility and availability with OSCA/RHU/MSWDO/authorized office.,age_80,2
FIN_010,Financial / Social Protection,benefits,Environment,Senior age is 85,Check eligibility for Expanded Centenarians Act cash gift at age 85.,"NCSC, OSCA, LGU/MSWDO",Expanded Centenarians Act,Republic Act No. 11982. (2024). Expanded Centenarians Act.,Philippine law,https://lawphil.net/statutes/repacts/ra2024/ra_11982_2024.html,TRUE,,Use as decision support only; verify eligibility and availability with OSCA/RHU/MSWDO/authorized office.,age_85,2
FIN_011,Financial / Social Protection,benefits,Environment,Senior age is 90,Check eligibility for Expanded Centenarians Act cash gift at age 90.,"NCSC, OSCA, LGU/MSWDO",Expanded Centenarians Act,Republic Act No. 11982. (2024). Expanded Centenarians Act.,Philippine law,https://lawphil.net/statutes/repacts/ra2024/ra_11982_2024.html,TRUE,,Use as decision support only; verify eligibility and availability with OSCA/RHU/MSWDO/authorized office.,age_90,2
FIN_012,Financial / Social Protection,benefits,Environment,Senior age is 95,Check eligibility for Expanded Centenarians Act cash gift at age 95.,"NCSC, OSCA, LGU/MSWDO",Expanded Centenarians Act,Republic Act No. 11982. (2024). Expanded Centenarians Act.,Philippine law,https://lawphil.net/statutes/repacts/ra2024/ra_11982_2024.html,TRUE,,Use as decision support only; verify eligibility and availability with OSCA/RHU/MSWDO/authorized office.,age_95,2
FIN_013,Financial / Social Protection,benefits,Environment,Senior age is 100 or above,Check eligibility for centenarian cash gift and felicitation under the Expanded Centenarians Act.,"NCSC, OSCA, LGU/MSWDO",NCSC Expanded Centenarians Act,National Commission of Senior Citizens. (n.d.). Expanded Centenarians Act.,Philippine government benefit implementation information,https://www.ncsc.gov.ph/expandedcentenariansact,TRUE,,Use as decision support only; verify eligibility and availability with OSCA/RHU/MSWDO/authorized office.,age_100,3
FIN_014,Financial / Social Protection,financial,Environment,Difficulty buying food and basic necessities,"Remind senior of special discount for basic necessities and prime commodities, subject to current rules and limits.","DTI, DA, OSCA, participating stores",Special discounts on basic necessities and prime commodities,Department of Trade and Industry & Department of Agriculture. (2010). Joint Administrative Order No. 10-02: Grant of Special Discounts to Senior Citizens on the Purchase of Basic Necessities and Prime Commodities.,Philippine joint administrative order,https://elibrary.judiciary.gov.ph/thebookshelf/showdocs/10/57884,TRUE,,Use as decision support only; verify eligibility and availability with OSCA/RHU/MSWDO/authorized office.,food_insecurity,2
FIN_015,Financial / Social Protection,financial,Environment,Senior or PWD needs basic necessities discount verification,Use revised special discount rules for senior citizens and PWDs on basic necessities and prime commodities.,"DTI, DA, DOE, OSCA, NCDA",Revised special discount rules for basic necessities and prime commodities,"Department of Trade and Industry, Department of Agriculture, & Department of Energy. (2024). Joint Administrative Order No. 24-02: Revised Rules on Granting Special Discounts to Senior Citizens and Persons with Disability on Purchase of Basic Necessities and Prime Commodities.",Philippine joint administrative order,https://ncda.gov.ph/2024-revised-rules-on-granting-special-discounts-to-senior-citizens-and-persons-with-disability-on-purchase-of-basic-necessities-and-prime-commodities-joint-administrative-order-no-24-02-series-of-2/,TRUE,,Use as decision support only; verify eligibility and availability with OSCA/RHU/MSWDO/authorized office.,has_disability,1
FIN_016,Financial / Social Protection,financial,Environment,Medicine and medical device discount issue,Refer to OSCA/FDA/DOH guidance on senior medicine/device discount requirements.,"OSCA, FDA/DOH-regulated establishments",FDA removal of purchase booklet requirement for senior medicine/device discount,Food and Drug Administration. (2025). FDA Circular No. 2025-005: Delisting of purchase booklet from the checklist of requirements to avail of the 20% senior citizen discount on medicines and medical devices.,Philippine regulatory circular,https://www.fda.gov.ph/fda-circular-no-2025-005-delisting-of-purchase-booklet-from-the-checklist-of-requirements-to-avail-of-the-20-senior-citizen-discount-on-the-purchase-of-medicines-and-medical-devices-in-accordance-w/,TRUE,,Use as decision support only; verify eligibility and availability with OSCA/RHU/MSWDO/authorized office.,medical_cost_strain,1
FIN_017,Financial / Social Protection,financial,Environment,Senior has unpaid utilities or home repair needs after calamity,Refer to LGU/MSWDO for calamity-related assistance or local aid assessment if applicable.,"LGU, MSWDO/CSWDO, OSCA",Expanded Senior Citizens Act of 2010,Republic Act No. 9994. (2010). Expanded Senior Citizens Act of 2010.,Philippine law,https://lawphil.net/statutes/repacts/ra2010/ra_9994_2010.html,TRUE,,Use as decision support only; verify eligibility and availability with OSCA/RHU/MSWDO/authorized office.,,1
FIN_018,Financial / Social Protection,financial,Environment,Low-income senior with multiple dependent household needs,Refer to MSWDO for social case assessment and appropriate assistance mapping.,"MSWDO/CSWDO, OSCA",Assistance to Individuals in Crisis Situation,Department of Social Welfare and Development. (n.d.). AICS Program: Assistance to Individuals in Crisis Situation.,Philippine government crisis assistance program,https://aics.dswd.gov.ph/aics-program/,TRUE,,Use as decision support only; verify eligibility and availability with OSCA/RHU/MSWDO/authorized office.,low_income,2
FIN_019,Financial / Social Protection,financial,Environment,Senior is on Social Pension waitlist or unsure of status,Verify SocPen status and ensure OSCA/MSWDO records are updated; do not present SocPen as automatically approved.,"OSCA, MSWDO/CSWDO, DSWD/NCSC",Social Pension Program for Indigent Senior Citizens,Department of Social Welfare and Development. (n.d.). Social Pension (SocPen).,Philippine government social welfare program,https://www.dswd.gov.ph/social-pension/,TRUE,SocPen,Use as decision support only; verify eligibility and availability with OSCA/RHU/MSWDO/authorized office.,no_pension,2
FIN_020,Financial / Social Protection,financial,Environment,Recommendation engine suggests 4Ps for senior-only concern,"Use Social Pension, AICS, SLP, or MSWDO assessment instead of default 4Ps referral for senior-citizen-specific needs.","OSCA, MSWDO/CSWDO, DSWD",Social Pension Program for Indigent Senior Citizens,Department of Social Welfare and Development. (n.d.). Social Pension (SocPen).,Philippine government social welfare program,https://www.dswd.gov.ph/social-pension/,TRUE,SocPen,Use as decision support only; verify eligibility and availability with OSCA/RHU/MSWDO/authorized office.,,1
FUNC_001,Functional Ability / Home Care,functional,Functional Ability,"Frailty, bedridden status, or difficulty with daily living activities",Refer for Home Care Support Services for Senior Citizens assessment where available.,"DSWD, LGU, MSWDO/CSWDO, home care volunteers",Home Care Support Services for Senior Citizens Manual,Department of Social Welfare and Development Social Technology Bureau. (2021). Home Care Support Services for Senior Citizens (HCSSSC) manual.,Philippine home care support program,https://kmportal.dswd.gov.ph/knowledge-products/how-guide/home-care-support-services-senior-citizens-hcsssc-manual,TRUE,HCSSSC,Use as decision support only; verify eligibility and availability with OSCA/RHU/MSWDO/authorized office.,frailty,4
FUNC_002,Functional Ability / Home Care,functional,Functional Ability,Family caregiver needs guidance,Provide caregiver training or orientation referral under HCSSSC/home care support pathway where available.,"DSWD, MSWDO/CSWDO, caregiver, family",Home Care Support Services for Senior Citizens Manual,Department of Social Welfare and Development Social Technology Bureau. (2021). Home Care Support Services for Senior Citizens (HCSSSC) manual.,Philippine home care support program,https://kmportal.dswd.gov.ph/knowledge-products/how-guide/home-care-support-services-senior-citizens-hcsssc-manual,TRUE,HCSSSC,Use as decision support only; verify eligibility and availability with OSCA/RHU/MSWDO/authorized office.,caregiver_needed,2
FUNC_003,Functional Ability / Home Care,functional,Functional Ability,"Senior is sick, frail, or bedridden but stays at home","Coordinate community-based home care support through family, kinship carers, home care volunteers, or MSWDO.","MSWDO/CSWDO, family, home care volunteers",Guidelines on the Home Care Support Services for Senior Citizens,Department of Social Welfare and Development. (2010). Guidelines on the Home Care Support Services for Senior Citizens.,Philippine administrative guidelines,https://old.dswd.gov.ph/issuances/AOs/AO_2010-004.pdf,TRUE,HCSSSC,Use as decision support only; verify eligibility and availability with OSCA/RHU/MSWDO/authorized office.,frailty,3
FUNC_004,Functional Ability / Home Care,functional,Functional Ability,"Difficulty bathing, dressing, toileting, eating, or moving indoors",Assess activities of daily living and create family/caregiver support plan for OSCA/MSWDO validation.,"MSWDO/CSWDO, OSCA, family caregiver",WHO Healthy Ageing and functional ability,World Health Organization. (2020). Healthy ageing and functional ability.,International public health framework,https://www.who.int/news-room/questions-and-answers/item/healthy-ageing-and-functional-ability,TRUE,,Use as decision support only; verify eligibility and availability with OSCA/RHU/MSWDO/authorized office.,adl_difficulty,4
FUNC_005,Functional Ability / Home Care,functional,Functional Ability,Mobility limitation and living alone,Prioritize barangay/BHW welfare check and home-safety review.,"Barangay, BHW, OSCA, MSWDO",Barangay Health Workers' Benefits and Incentives Act,Republic Act No. 7883. (1995). Barangay Health Workers' Benefits and Incentives Act of 1995.,Philippine law,https://elibrary.judiciary.gov.ph/thebookshelf/showdocs/2/2888,TRUE,,Use as decision support only; verify eligibility and availability with OSCA/RHU/MSWDO/authorized office.,mobility_alone,3
FUNC_006,Functional Ability / Home Care,functional,Functional Ability,Age 80+ with functional difficulty,Recommend home-based functional review by BHW/RHU/MSWDO where available.,"BHW, RHU/BHC, MSWDO",WHO Healthy Ageing and functional ability,World Health Organization. (2020). Healthy ageing and functional ability.,International public health framework,https://www.who.int/news-room/questions-and-answers/item/healthy-ageing-and-functional-ability,TRUE,,Use as decision support only; verify eligibility and availability with OSCA/RHU/MSWDO/authorized office.,frail_80plus,3
FUNC_007,Functional Ability / Home Care,functional,Functional Ability,Low independence or low autonomy score,Coordinate caregiver or family support review and social case assessment if needed.,"Family caregiver, MSWDO/CSWDO, OSCA",WHO Decade of Healthy Ageing baseline report,World Health Organization. (2021). Decade of healthy ageing: Baseline report.,International public health framework,https://www.who.int/publications/i/item/9789240017900,TRUE,,Use as decision support only; verify eligibility and availability with OSCA/RHU/MSWDO/authorized office.,low_independence,2
FUNC_008,Functional Ability / Home Care,functional,Functional Ability,High functional risk and poor household support,Refer to MSWDO/CSWDO for case assessment and community support planning.,"MSWDO/CSWDO, Barangay, OSCA",Home Care Support Services for Senior Citizens Manual,Department of Social Welfare and Development Social Technology Bureau. (2021). Home Care Support Services for Senior Citizens (HCSSSC) manual.,Philippine home care support program,https://kmportal.dswd.gov.ph/knowledge-products/how-guide/home-care-support-services-senior-citizens-hcsssc-manual,TRUE,HCSSSC,Use as decision support only; verify eligibility and availability with OSCA/RHU/MSWDO/authorized office.,dependency_high,3
FUNC_009,Functional Ability / Home Care,functional,Functional Ability,Senior cannot safely leave home for services,Request BHW/RHU follow-up or mobile/outreach service coordination if available.,"BHW, RHU/BHC, Barangay",Barangay Health Workers' Benefits and Incentives Act,Republic Act No. 7883. (1995). Barangay Health Workers' Benefits and Incentives Act of 1995.,Philippine law,https://elibrary.judiciary.gov.ph/thebookshelf/showdocs/2/2888,TRUE,,Use as decision support only; verify eligibility and availability with OSCA/RHU/MSWDO/authorized office.,mobility_limited_outside,2
FUNC_010,Functional Ability / Home Care,functional,Functional Ability,Frail senior with no capable caregiver,"Refer to MSWDO for assessment of home care, community support, or possible residential care pathway if necessary.","MSWDO/CSWDO, DSWD, LGU",DSWD residential care for older persons,Department of Social Welfare and Development. (n.d.). For older persons.,Philippine residential care service,https://old.dswd.gov.ph/sectors/children-and-youth/programs-2/residential-care/for-older-persons/,TRUE,HCSSSC,Use as decision support only; verify eligibility and availability with OSCA/RHU/MSWDO/authorized office.,caregiver_needed,3
FUNC_011,Functional Ability / Home Care,household_safety,Environment,Unsafe home condition or fall hazards,"Request household safety review for lighting, pathways, bathroom safety, and tripping hazards.","BHW, Barangay, MSWDO, family",WHO Healthy Ageing and functional ability,World Health Organization. (2020). Healthy ageing and functional ability.,International public health framework,https://www.who.int/news-room/questions-and-answers/item/healthy-ageing-and-functional-ability,TRUE,,Use as decision support only; verify eligibility and availability with OSCA/RHU/MSWDO/authorized office.,unsafe_home,3
FUNC_012,Functional Ability / Home Care,household_safety,Environment,Mobility difficulty plus unsafe household,Coordinate family/barangay action to improve safe movement paths inside the home.,"Family, Barangay, BHW",WHO Decade of Healthy Ageing baseline report,World Health Organization. (2021). Decade of healthy ageing: Baseline report.,International public health framework,https://www.who.int/publications/i/item/9789240017900,TRUE,,Use as decision support only; verify eligibility and availability with OSCA/RHU/MSWDO/authorized office.,unsafe_home,3
FUNC_013,Functional Ability / Home Care,household_safety,Environment,Disaster-prone area or evacuation difficulty,Include senior in barangay vulnerable-sector monitoring and evacuation assistance planning.,"Barangay, MDRRMO, OSCA, MSWDO",WHO Decade of Healthy Ageing baseline report,World Health Organization. (2021). Decade of healthy ageing: Baseline report.,International public health framework,https://www.who.int/publications/i/item/9789240017900,TRUE,,Use as decision support only; verify eligibility and availability with OSCA/RHU/MSWDO/authorized office.,,1
FUNC_014,Functional Ability / Home Care,functional,Functional Ability,"Senior is abandoned, neglected, homeless, or unattached",Refer to MSWDO/DSWD for residential care or protective placement assessment if community care is insufficient.,"MSWDO/CSWDO, DSWD residential care facility",DSWD residential care for older persons,Department of Social Welfare and Development. (n.d.). For older persons.,Philippine residential care service,https://old.dswd.gov.ph/sectors/children-and-youth/programs-2/residential-care/for-older-persons/,TRUE,,Use as decision support only; verify eligibility and availability with OSCA/RHU/MSWDO/authorized office.,abandoned,5
FUNC_015,Functional Ability / Home Care,functional,Functional Ability,"Abandoned, neglected, unattached, or homeless senior needs temporary care","Refer to appropriate DSWD residential care facility such as GRACES or regional equivalent, subject to assessment.","DSWD residential care, MSWDO/CSWDO",Golden Reception and Action Center for the Elderly and Other Special Cases,Department of Social Welfare and Development Field Office NCR. (2020). GRACES Manual of Operations.,Philippine residential care facility,https://ncr.dswd.gov.ph/wp-content/uploads/2020/02/GRACES_MOO.pdf,TRUE,,Use as decision support only; verify eligibility and availability with OSCA/RHU/MSWDO/authorized office.,abandoned,4
FUNC_016,Functional Ability / Home Care,functional,Functional Ability,Functional risk but senior wants to remain at home,"Prioritize home-based support, caregiver orientation, and barangay/BHW check-ins before institutional referral where appropriate.","MSWDO/CSWDO, BHW, family caregiver",Guidelines on the Home Care Support Services for Senior Citizens,Department of Social Welfare and Development. (2010). Guidelines on the Home Care Support Services for Senior Citizens.,Philippine administrative guidelines,https://old.dswd.gov.ph/issuances/AOs/AO_2010-004.pdf,TRUE,HCSSSC,Use as decision support only; verify eligibility and availability with OSCA/RHU/MSWDO/authorized office.,frailty,2
FUNC_017,Functional Ability / Home Care,functional,Functional Ability,Poor mobility outside the home,Coordinate safe transport support or assisted visit scheduling for RHU/OSCA services.,"Barangay, OSCA, RHU/BHC",WHO Healthy Ageing and functional ability,World Health Organization. (2020). Healthy ageing and functional ability.,International public health framework,https://www.who.int/news-room/questions-and-answers/item/healthy-ageing-and-functional-ability,TRUE,,Use as decision support only; verify eligibility and availability with OSCA/RHU/MSWDO/authorized office.,mobility_limited_outside,2
FUNC_018,Functional Ability / Home Care,functional,Functional Ability,Functional limitation with chronic disease,Schedule coordinated home-care and primary-care follow-up rather than separate unlinked recommendations.,"MSWDO, BHW, RHU/BHC",Home Care Support Services for Senior Citizens Manual,Department of Social Welfare and Development Social Technology Bureau. (2021). Home Care Support Services for Senior Citizens (HCSSSC) manual.,Philippine home care support program,https://kmportal.dswd.gov.ph/knowledge-products/how-guide/home-care-support-services-senior-citizens-hcsssc-manual,TRUE,HCSSSC,Use as decision support only; verify eligibility and availability with OSCA/RHU/MSWDO/authorized office.,func_chronic,3
FUNC_019,Functional Ability / Home Care,functional,Functional Ability,Caregiver burden or family difficulty supporting frail senior,Refer family for caregiver capacity-building or MSWDO guidance under home care support pathways.,"Family caregiver, MSWDO/CSWDO, DSWD",Home Care Support Services for Senior Citizens Manual,Department of Social Welfare and Development Social Technology Bureau. (2021). Home Care Support Services for Senior Citizens (HCSSSC) manual.,Philippine home care support program,https://kmportal.dswd.gov.ph/knowledge-products/how-guide/home-care-support-services-senior-citizens-hcsssc-manual,TRUE,HCSSSC,Use as decision support only; verify eligibility and availability with OSCA/RHU/MSWDO/authorized office.,caregiver_needed,2
FUNC_020,Functional Ability / Home Care,functional,Functional Ability,Frail senior has no assistive routine or daily care plan,"Create a simple daily support plan for validation by family, BHW, and MSWDO.","Family, BHW, MSWDO/CSWDO",Guidelines on the Home Care Support Services for Senior Citizens,Department of Social Welfare and Development. (2010). Guidelines on the Home Care Support Services for Senior Citizens.,Philippine administrative guidelines,https://old.dswd.gov.ph/issuances/AOs/AO_2010-004.pdf,TRUE,HCSSSC,Use as decision support only; verify eligibility and availability with OSCA/RHU/MSWDO/authorized office.,frailty,2
ASSIST_001,Assistive Devices / Disability Support,assistive_device,Functional Ability,"Mobility limitation, cane/walker/wheelchair need","Assess need for cane, walker, wheelchair, crutches, or other mobility assistive device.","RHU/BHC, MSWDO/CSWDO, OSCA",Expanded Senior Citizens Act of 2010,Republic Act No. 9994. (2010). Expanded Senior Citizens Act of 2010.,Philippine law,https://lawphil.net/statutes/repacts/ra2010/ra_9994_2010.html,TRUE,,Use as decision support only; verify eligibility and availability with OSCA/RHU/MSWDO/authorized office.,mobility_limited_outside,3
ASSIST_002,Assistive Devices / Disability Support,assistive_device,Functional Ability,Vision concern or eyeglasses need,Assess need for eyeglasses and verify applicable senior citizen discount or assistance pathway.,"RHU/BHC, eye care provider, OSCA",Expanded Senior Citizens Act of 2010,Republic Act No. 9994. (2010). Expanded Senior Citizens Act of 2010.,Philippine law,https://lawphil.net/statutes/repacts/ra2010/ra_9994_2010.html,TRUE,,Use as decision support only; verify eligibility and availability with OSCA/RHU/MSWDO/authorized office.,vision_concern,3
ASSIST_003,Assistive Devices / Disability Support,assistive_device,Functional Ability,Hearing concern or hearing-aid need,Assess need for hearing aid and possible assistance or discount pathway.,"RHU/BHC, hearing care provider, OSCA/MSWDO",Expanded Senior Citizens Act of 2010,Republic Act No. 9994. (2010). Expanded Senior Citizens Act of 2010.,Philippine law,https://lawphil.net/statutes/repacts/ra2010/ra_9994_2010.html,TRUE,,Use as decision support only; verify eligibility and availability with OSCA/RHU/MSWDO/authorized office.,hearing_concern,3
ASSIST_004,Assistive Devices / Disability Support,assistive_device,Functional Ability,Dental/denture concern affects eating or quality of life,Assess denture or dental support need and verify applicable senior citizen benefit pathway.,"RHU/public dental service, OSCA",Expanded Senior Citizens Act of 2010,Republic Act No. 9994. (2010). Expanded Senior Citizens Act of 2010.,Philippine law,https://lawphil.net/statutes/repacts/ra2010/ra_9994_2010.html,TRUE,,Use as decision support only; verify eligibility and availability with OSCA/RHU/MSWDO/authorized office.,dental_concern,2
ASSIST_005,Assistive Devices / Disability Support,assistive_device,Functional Ability,Severe disability or long-term impairment,Refer to PDAO/MSWDO for PWD assessment if applicable.,"PDAO, MSWDO/CSWDO, OSCA",IRR of Republic Act No. 10754,National Council on Disability Affairs. (n.d.). IRR of Republic Act No. 10754.,Philippine disability law implementing rules,https://ncda.gov.ph/disability-laws/implementing-rules-and-regulations-irr/irr-of-ra-10754-an-act-expanding-the-benefits-and-privileges-of-persons-with-disability-pwd/,TRUE,,Use as decision support only; verify eligibility and availability with OSCA/RHU/MSWDO/authorized office.,has_disability,3
ASSIST_006,Assistive Devices / Disability Support,assistive_device,Functional Ability,Senior is both senior citizen and PWD,"Verify whether senior or PWD benefit route applies, avoiding double discount claims.","PDAO, OSCA, provider",DOH AO 2017-0008 on PWD health-related discounts,Department of Health. (2017). Administrative Order No. 2017-0008: Implementing Guidelines of Republic Act No. 10754.,Philippine administrative order,https://ncda.gov.ph/disability-laws/administrative-orders/doh-ao-2017-0008-implementing-guidelines-of-republic-act-10754-otherwise-known-as-an-act-expanding-the-benefits-and-privileges-of-persons-with-disability-for/,TRUE,,Use as decision support only; verify eligibility and availability with OSCA/RHU/MSWDO/authorized office.,has_disability,2
ASSIST_007,Assistive Devices / Disability Support,assistive_device,Functional Ability,Medical/assistive device cost is difficult,Refer to PCSO MAP or AICS assessment for possible medical device support.,"PCSO, DSWD AICS, MSWDO",PCSO Medical Assistance Program,Philippine Charity Sweepstakes Office. (n.d.). Medical Assistance Program.,Philippine government medical assistance program,https://www.pcso.gov.ph/ProgramsAndServices/CAD/MedicalAccessProgram.aspx,TRUE,,Use as decision support only; verify eligibility and availability with OSCA/RHU/MSWDO/authorized office.,assistive_device_need,1
ASSIST_008,Assistive Devices / Disability Support,assistive_device,Functional Ability,Assistive device needed for safe movement at home,Link assistive-device assessment with household safety review and caregiver guidance.,"RHU/BHC, BHW, MSWDO",WHO Healthy Ageing and functional ability,World Health Organization. (2020). Healthy ageing and functional ability.,International public health framework,https://www.who.int/news-room/questions-and-answers/item/healthy-ageing-and-functional-ability,TRUE,,Use as decision support only; verify eligibility and availability with OSCA/RHU/MSWDO/authorized office.,assistive_device_need,2
ASSIST_009,Assistive Devices / Disability Support,assistive_device,Functional Ability,Older senior with fall risk and mobility limitation,Prioritize mobility aid assessment and home-safety review.,"RHU/BHC, BHW, MSWDO",Expanded Senior Citizens Act of 2010,Republic Act No. 9994. (2010). Expanded Senior Citizens Act of 2010.,Philippine law,https://lawphil.net/statutes/repacts/ra2010/ra_9994_2010.html,TRUE,,Use as decision support only; verify eligibility and availability with OSCA/RHU/MSWDO/authorized office.,fall_risk,2
ASSIST_010,Assistive Devices / Disability Support,assistive_device,Functional Ability,Functional limitation affects social participation,Assess assistive device or transport support to enable safe participation in community activities.,"RHU/BHC, OSCA, Barangay",WHO Healthy Ageing and functional ability,World Health Organization. (2020). Healthy ageing and functional ability.,International public health framework,https://www.who.int/news-room/questions-and-answers/item/healthy-ageing-and-functional-ability,TRUE,,Use as decision support only; verify eligibility and availability with OSCA/RHU/MSWDO/authorized office.,mobility_limited_outside,1
SOC_001,Social Participation / Community Support,social,Environment,Lives alone,Assign OSCA/barangay/BHW welfare check-ins for periodic monitoring.,"OSCA, Barangay, BHW, MSWDO",Barangay Health Workers' Benefits and Incentives Act,Republic Act No. 7883. (1995). Barangay Health Workers' Benefits and Incentives Act of 1995.,Philippine law,https://elibrary.judiciary.gov.ph/thebookshelf/showdocs/2/2888,TRUE,,Use as decision support only; verify eligibility and availability with OSCA/RHU/MSWDO/authorized office.,lives_alone,2
SOC_002,Social Participation / Community Support,social,Environment,Low family support,Refer to MSWDO/OSCA for welfare assessment and support planning.,"MSWDO/CSWDO, OSCA",WHO Healthy Ageing and functional ability,World Health Organization. (2020). Healthy ageing and functional ability.,International public health framework,https://www.who.int/news-room/questions-and-answers/item/healthy-ageing-and-functional-ability,TRUE,,Use as decision support only; verify eligibility and availability with OSCA/RHU/MSWDO/authorized office.,low_family_support,2
SOC_003,Social Participation / Community Support,social,Environment,Low social support or isolation,"Encourage participation in OSCA, Senior Citizen Association, barangay, faith-based, or community activities based on preference.","OSCA, Senior Citizen Association, Barangay",WHO Healthy Ageing and functional ability,World Health Organization. (2020). Healthy ageing and functional ability.,International public health framework,https://www.who.int/news-room/questions-and-answers/item/healthy-ageing-and-functional-ability,TRUE,,Use as decision support only; verify eligibility and availability with OSCA/RHU/MSWDO/authorized office.,low_social_support,2
SOC_004,Social Participation / Community Support,social,Environment,Not a senior citizen association member,Offer referral to local senior citizen association activities if the senior is interested.,"OSCA, Senior Citizen Association",Senior Citizens Act / OSCA,Republic Act No. 7432. (1992). Senior Citizens Act.,Philippine law,https://www.dilg.gov.ph/PDF_File/issuances/republic_acts/RA_7432.PDF,TRUE,OSCA,Use as decision support only; verify eligibility and availability with OSCA/RHU/MSWDO/authorized office.,not_association_member,1
SOC_005,Social Participation / Community Support,social,Environment,Low community participation,"Include senior in community announcements, health missions, and senior-focused activities.","OSCA, Barangay, Senior Citizen Association",Senior Citizens Act / OSCA,Republic Act No. 7432. (1992). Senior Citizens Act.,Philippine law,https://www.dilg.gov.ph/PDF_File/issuances/republic_acts/RA_7432.PDF,TRUE,OSCA,Use as decision support only; verify eligibility and availability with OSCA/RHU/MSWDO/authorized office.,low_participation,2
SOC_006,Social Participation / Community Support,social,Environment,Loneliness or social isolation indicators,Refer to community participation support and MSWDO/RHU psychosocial support if emotional distress is present.,"OSCA, MSWDO, RHU/BHC",WHO Healthy Ageing and functional ability,World Health Organization. (2020). Healthy ageing and functional ability.,International public health framework,https://www.who.int/news-room/questions-and-answers/item/healthy-ageing-and-functional-ability,TRUE,,Use as decision support only; verify eligibility and availability with OSCA/RHU/MSWDO/authorized office.,lonely,3
SOC_007,Social Participation / Community Support,elder_protection,Environment,"Possible elder abuse, neglect, or exploitation",Refer to ReSPPEC/community reporting mechanism or MSWDO/barangay protection pathway for assessment.,"DSWD ReSPPEC, MSWDO/CSWDO, Barangay",Reporting System and Prevention Program for Elder Abuse Cases,Department of Social Welfare and Development Field Office VI. (n.d.). ReSPPEC.,Philippine elder protection program,https://fo6.dswd.gov.ph/about-us/programs/resppec/,TRUE,ReSPPEC,Use as decision support only; verify eligibility and availability with OSCA/RHU/MSWDO/authorized office.,abuse_risk,5
SOC_008,Social Participation / Community Support,elder_protection,Environment,"Reported verbal, physical, emotional, financial, or neglect-related abuse",Activate local reporting and referral pathway for elder abuse through barangay/MSWDO/ReSPPEC where available.,"Barangay, MSWDO/CSWDO, DSWD ReSPPEC",DSWD ReSPPEC elderly abuse prevention,Department of Social Welfare and Development Field Office I. (2016). DSWD's ReSPPEC sets in place actions on elderly abuse.,Philippine elder protection program,https://fo1.dswd.gov.ph/2016/04/dswds-resppec-sets-in-place-actions-on-elderly-abuse/,TRUE,ReSPPEC,Use as decision support only; verify eligibility and availability with OSCA/RHU/MSWDO/authorized office.,abuse_risk,5
SOC_009,Social Participation / Community Support,elder_protection,Environment,Senior is abandoned or neglected,Refer to MSWDO/CSWDO for protective case assessment and possible temporary/residential care pathway.,"MSWDO/CSWDO, DSWD residential care facility",DSWD residential care for older persons,Department of Social Welfare and Development. (n.d.). For older persons.,Philippine residential care service,https://old.dswd.gov.ph/sectors/children-and-youth/programs-2/residential-care/for-older-persons/,TRUE,ReSPPEC,Use as decision support only; verify eligibility and availability with OSCA/RHU/MSWDO/authorized office.,abandoned,5
SOC_010,Social Participation / Community Support,elder_protection,Environment,Senior is at risk of abuse and has low support,Flag for barangay and MSWDO monitoring with ReSPPEC-informed referral if available.,"Barangay, MSWDO, DSWD ReSPPEC",Reporting System and Prevention Program for Elder Abuse Cases,Department of Social Welfare and Development Field Office VI. (n.d.). ReSPPEC.,Philippine elder protection program,https://fo6.dswd.gov.ph/about-us/programs/resppec/,TRUE,ReSPPEC,Use as decision support only; verify eligibility and availability with OSCA/RHU/MSWDO/authorized office.,abuse_risk,4
SOC_011,Social Participation / Community Support,social,Environment,Senior cannot attend community activities due to mobility/access issues,"Coordinate assisted participation, transport support, or home visit alternatives.","OSCA, Barangay, BHW",WHO Healthy Ageing and functional ability,World Health Organization. (2020). Healthy ageing and functional ability.,International public health framework,https://www.who.int/news-room/questions-and-answers/item/healthy-ageing-and-functional-ability,TRUE,,Use as decision support only; verify eligibility and availability with OSCA/RHU/MSWDO/authorized office.,mobility_limited_outside,1
SOC_012,Social Participation / Community Support,social,Environment,Senior has communication barriers or sensory impairment,Link social participation recommendation with assistive-device or family support assessment.,"OSCA, RHU/BHC, family",Expanded Senior Citizens Act of 2010,Republic Act No. 9994. (2010). Expanded Senior Citizens Act of 2010.,Philippine law,https://lawphil.net/statutes/repacts/ra2010/ra_9994_2010.html,TRUE,,Use as decision support only; verify eligibility and availability with OSCA/RHU/MSWDO/authorized office.,sensory_barrier,1
SOC_013,Social Participation / Community Support,social,Environment,Senior is high risk with poor support,Assign periodic OSCA/MSWDO/barangay follow-up and document status in the recommendation queue.,"OSCA, MSWDO/CSWDO, Barangay",Senior Citizens Act / OSCA,Republic Act No. 7432. (1992). Senior Citizens Act.,Philippine law,https://www.dilg.gov.ph/PDF_File/issuances/republic_acts/RA_7432.PDF,TRUE,OSCA,Use as decision support only; verify eligibility and availability with OSCA/RHU/MSWDO/authorized office.,high_risk,1
SOC_014,Social Participation / Community Support,social,Environment,Senior needs social and recreational engagement,Refer to senior citizens center or local senior activities where available.,"OSCA, Senior Citizens Center, LGU",Expanded Senior Citizens Act of 2010,Republic Act No. 9994. (2010). Expanded Senior Citizens Act of 2010.,Philippine law,https://lawphil.net/statutes/repacts/ra2010/ra_9994_2010.html,TRUE,OSCA,Use as decision support only; verify eligibility and availability with OSCA/RHU/MSWDO/authorized office.,low_participation,1
SOC_015,Social Participation / Community Support,social,Environment,Family caregiver needs community support,Refer family to home care support/community support orientation where available.,"MSWDO/CSWDO, HCSSSC, family caregiver",Home Care Support Services for Senior Citizens Manual,Department of Social Welfare and Development Social Technology Bureau. (2021). Home Care Support Services for Senior Citizens (HCSSSC) manual.,Philippine home care support program,https://kmportal.dswd.gov.ph/knowledge-products/how-guide/home-care-support-services-senior-citizens-hcsssc-manual,TRUE,HCSSSC,Use as decision support only; verify eligibility and availability with OSCA/RHU/MSWDO/authorized office.,caregiver_needed,1
SOC_016,Social Participation / Community Support,elder_protection,Environment,Senior refuses care due to fear or possible coercion,Escalate to MSWDO/CSWDO for confidential social case assessment; do not resolve only through automated recommendation.,"MSWDO/CSWDO, Barangay protection pathway",Reporting System and Prevention Program for Elder Abuse Cases,Department of Social Welfare and Development Field Office VI. (n.d.). ReSPPEC.,Philippine elder protection program,https://fo6.dswd.gov.ph/about-us/programs/resppec/,TRUE,ReSPPEC,Use as decision support only; verify eligibility and availability with OSCA/RHU/MSWDO/authorized office.,abuse_risk,4
SOC_017,Social Participation / Community Support,social,Environment,Senior receives few visits from family/friends,Encourage family contact plan or community volunteer check-in if senior consents.,"Family, OSCA, Barangay volunteers",WHO Decade of Healthy Ageing baseline report,World Health Organization. (2021). Decade of healthy ageing: Baseline report.,International public health framework,https://www.who.int/publications/i/item/9789240017900,TRUE,,Use as decision support only; verify eligibility and availability with OSCA/RHU/MSWDO/authorized office.,isolated,1
SOC_018,Social Participation / Community Support,social,Environment,Senior is widowed/separated and socially isolated,Refer to community support group or MSWDO psychosocial support if emotional distress is present.,"OSCA, MSWDO, Barangay",WHO Healthy Ageing and functional ability,World Health Organization. (2020). Healthy ageing and functional ability.,International public health framework,https://www.who.int/news-room/questions-and-answers/item/healthy-ageing-and-functional-ability,TRUE,,Use as decision support only; verify eligibility and availability with OSCA/RHU/MSWDO/authorized office.,widowed,2
MH_001,Mental Health / Psychosocial Support,mental_health,Intrinsic Capacity,"Depression, anxiety, hopelessness, or severe emotional concern",Refer to RHU or qualified mental health professional for assessment; avoid diagnostic labeling.,"RHU/BHC, mental health professional",Mental Health Act,Republic Act No. 11036. (2018). Mental Health Act.,Philippine law,https://lawphil.net/statutes/repacts/ra2018/ra_11036_2018.html,TRUE,,Use as decision support only; verify eligibility and availability with OSCA/RHU/MSWDO/authorized office.,emotional_distress,4
MH_002,Mental Health / Psychosocial Support,mental_health,Intrinsic Capacity,Crisis symptoms or self-harm concern,Provide NCMH crisis hotline information and recommend immediate referral to appropriate emergency/mental health support.,"NCMH, RHU/BHC, emergency services",NCMH Crisis Hotline,National Center for Mental Health. (n.d.). Contact us.,Philippine public mental health service,https://ncmh.gov.ph/contact-us/,TRUE,,Use as decision support only; verify eligibility and availability with OSCA/RHU/MSWDO/authorized office.,mh_crisis,5
MH_003,Mental Health / Psychosocial Support,mental_health,Intrinsic Capacity,Loneliness with emotional distress,Refer to RHU/MSWDO psychosocial support and community participation support if senior consents.,"RHU/BHC, MSWDO/CSWDO, OSCA",Mental Health Act,Republic Act No. 11036. (2018). Mental Health Act.,Philippine law,https://lawphil.net/statutes/repacts/ra2018/ra_11036_2018.html,TRUE,,Use as decision support only; verify eligibility and availability with OSCA/RHU/MSWDO/authorized office.,lonely_distress,3
MH_004,Mental Health / Psychosocial Support,mental_health,Intrinsic Capacity,Caregiver or family reports behavioral/emotional changes,Recommend professional mental health or primary-care assessment through RHU/BHC.,"RHU/BHC, mental health professional",Mental Health Act,Republic Act No. 11036. (2018). Mental Health Act.,Philippine law,https://lawphil.net/statutes/repacts/ra2018/ra_11036_2018.html,TRUE,,Use as decision support only; verify eligibility and availability with OSCA/RHU/MSWDO/authorized office.,emotional_concern,1
MH_005,Mental Health / Psychosocial Support,mental_health,Intrinsic Capacity,Bereavement or grief indicators,Refer to MSWDO/RHU psychosocial support and community support follow-up.,"MSWDO/CSWDO, RHU/BHC, OSCA",Mental Health Act,Republic Act No. 11036. (2018). Mental Health Act.,Philippine law,https://lawphil.net/statutes/repacts/ra2018/ra_11036_2018.html,TRUE,,Use as decision support only; verify eligibility and availability with OSCA/RHU/MSWDO/authorized office.,bereavement,2
MH_006,Mental Health / Psychosocial Support,mental_health,Intrinsic Capacity,Social isolation plus sadness or anxiety,Combine social participation referral with RHU/MSWDO psychosocial support assessment.,"OSCA, MSWDO, RHU/BHC",WHO Healthy Ageing and functional ability,World Health Organization. (2020). Healthy ageing and functional ability.,International public health framework,https://www.who.int/news-room/questions-and-answers/item/healthy-ageing-and-functional-ability,TRUE,,Use as decision support only; verify eligibility and availability with OSCA/RHU/MSWDO/authorized office.,isolated,2
MH_007,Mental Health / Psychosocial Support,mental_health,Intrinsic Capacity,Senior is emotionally distressed and living alone,Prioritize welfare check and psychosocial assessment referral.,"MSWDO/CSWDO, RHU/BHC, Barangay",Mental Health Act,Republic Act No. 11036. (2018). Mental Health Act.,Philippine law,https://lawphil.net/statutes/repacts/ra2018/ra_11036_2018.html,TRUE,,Use as decision support only; verify eligibility and availability with OSCA/RHU/MSWDO/authorized office.,emotional_alone,3
MH_008,Mental Health / Psychosocial Support,mental_health,Intrinsic Capacity,Possible abuse-related emotional distress,Refer through MSWDO/ReSPPEC-informed protection pathway and mental health support if needed.,"MSWDO/CSWDO, ReSPPEC, RHU/BHC",Reporting System and Prevention Program for Elder Abuse Cases,Department of Social Welfare and Development Field Office VI. (n.d.). ReSPPEC.,Philippine elder protection program,https://fo6.dswd.gov.ph/about-us/programs/resppec/,TRUE,ReSPPEC,Use as decision support only; verify eligibility and availability with OSCA/RHU/MSWDO/authorized office.,abuse_risk,3
MH_009,Mental Health / Psychosocial Support,mental_health,Intrinsic Capacity,Mild emotional concern without crisis indicators,Offer RHU/MSWDO counseling referral and community engagement support; mark for follow-up.,"RHU/BHC, MSWDO, OSCA",Mental Health Act,Republic Act No. 11036. (2018). Mental Health Act.,Philippine law,https://lawphil.net/statutes/repacts/ra2018/ra_11036_2018.html,TRUE,,Use as decision support only; verify eligibility and availability with OSCA/RHU/MSWDO/authorized office.,emotional_concern,1
MH_010,Mental Health / Psychosocial Support,mental_health,Intrinsic Capacity,Persistent emotional concern and poor quality-of-life score,Recommend primary-care and psychosocial referral for human assessment.,"RHU/BHC, MSWDO/CSWDO",Mental Health Act,Republic Act No. 11036. (2018). Mental Health Act.,Philippine law,https://lawphil.net/statutes/repacts/ra2018/ra_11036_2018.html,TRUE,,Use as decision support only; verify eligibility and availability with OSCA/RHU/MSWDO/authorized office.,low_wellbeing,2
ACCESS_001,Healthcare Access / Transport,healthcare_access,Environment,Difficulty accessing healthcare,Assist in scheduling RHU/BHC or YAKAP provider appointment and record access barrier.,"RHU/BHC, YAKAP provider, OSCA",PhilHealth YAKAP / Konsulta primary care benefit,Philippine Health Insurance Corporation. (n.d.). PhilHealth YAKAP: Yaman ng Kalusugan Program.,Philippine government primary care program,https://www.philhealth.gov.ph/yakap/,TRUE,Universal Health Care,Use as decision support only; verify eligibility and availability with OSCA/RHU/MSWDO/authorized office.,healthcare_difficulty,2
ACCESS_002,Healthcare Access / Transport,healthcare_access,Environment,Transportation difficulty for checkup,Coordinate barangay transport assistance or AICS transportation-assistance assessment if crisis-related.,"Barangay, MSWDO/DSWD AICS",Assistance to Individuals in Crisis Situation,Department of Social Welfare and Development. (n.d.). AICS Program: Assistance to Individuals in Crisis Situation.,Philippine government crisis assistance program,https://aics.dswd.gov.ph/aics-program/,TRUE,,Use as decision support only; verify eligibility and availability with OSCA/RHU/MSWDO/authorized office.,transport_barrier,2
ACCESS_003,Healthcare Access / Transport,healthcare_access,Environment,Far from health center or poor service accessibility,"Coordinate BHW follow-up, RHU scheduling, or mobile outreach when available.","BHW, RHU/BHC, Barangay",Barangay Health Workers' Benefits and Incentives Act,Republic Act No. 7883. (1995). Barangay Health Workers' Benefits and Incentives Act of 1995.,Philippine law,https://elibrary.judiciary.gov.ph/thebookshelf/showdocs/2/2888,TRUE,,Use as decision support only; verify eligibility and availability with OSCA/RHU/MSWDO/authorized office.,service_access_low,2
ACCESS_004,Healthcare Access / Transport,healthcare_access,Environment,Chronic disease plus difficulty accessing RHU,Flag senior for BHW/RHU follow-up and primary-care provider verification.,"BHW, RHU/BHC, YAKAP provider",Universal Health Care Act,Republic Act No. 11223. (2019). Universal Health Care Act.,Philippine law,https://elibrary.judiciary.gov.ph/thebookshelf/showdocs/2/86448,TRUE,Universal Health Care,Use as decision support only; verify eligibility and availability with OSCA/RHU/MSWDO/authorized office.,access_gap_chronic,3
ACCESS_005,Healthcare Access / Transport,healthcare_access,Environment,No regular checkup and access barrier,Prioritize appointment assistance rather than generic health advice.,"OSCA, RHU/BHC, YAKAP provider",PhilHealth YAKAP / Konsulta primary care benefit,Philippine Health Insurance Corporation. (n.d.). PhilHealth YAKAP: Yaman ng Kalusugan Program.,Philippine government primary care program,https://www.philhealth.gov.ph/yakap/,TRUE,Universal Health Care,Use as decision support only; verify eligibility and availability with OSCA/RHU/MSWDO/authorized office.,access_barrier_nocheckup,2
ACCESS_006,Healthcare Access / Transport,healthcare_access,Environment,Medicine access barrier due to distance or cost,"Link medicine concern to RHU/LGU medicine assistance, YAKAP/GAMOT, AICS, or PCSO route.","RHU/BHC, LGU, PhilHealth, DSWD, PCSO",PhilHealth YAKAP / Konsulta primary care benefit,Philippine Health Insurance Corporation. (n.d.). PhilHealth YAKAP: Yaman ng Kalusugan Program.,Philippine government primary care program,https://www.philhealth.gov.ph/yakap/,TRUE,,Use as decision support only; verify eligibility and availability with OSCA/RHU/MSWDO/authorized office.,transport_barrier,1
ACCESS_007,Healthcare Access / Transport,healthcare_access,Environment,Visual/hearing/mobility concern limits healthcare access,Coordinate assisted transport or home-based follow-up with barangay/BHW if available.,"Barangay, BHW, RHU/BHC",WHO Healthy Ageing and functional ability,World Health Organization. (2020). Healthy ageing and functional ability.,International public health framework,https://www.who.int/news-room/questions-and-answers/item/healthy-ageing-and-functional-ability,TRUE,,Use as decision support only; verify eligibility and availability with OSCA/RHU/MSWDO/authorized office.,sensory_barrier,1
ACCESS_008,Healthcare Access / Transport,healthcare_access,Environment,Senior has limited digital literacy for online medical assistance,"Provide assisted digital support for PCSO Online MAP, PhilHealth verification, or other authorized portals.","OSCA, family, PCSO Online MAP, PhilHealth",PCSO Medical Assistance Program Online Application System,Philippine Charity Sweepstakes Office. (n.d.). Medical Assistance Program Online Application System.,Philippine government medical assistance portal,https://onlinemap.pcso.gov.ph/,TRUE,,Use as decision support only; verify eligibility and availability with OSCA/RHU/MSWDO/authorized office.,,1
ACCESS_009,Healthcare Access / Transport,healthcare_access,Environment,Senior has hospital appointment but limited navigation capacity,Refer to hospital social service or Malasakit Center for patient navigation if hospital-based care is involved.,"Hospital social service, Malasakit Center",Malasakit Centers Act,Republic Act No. 11463. (2019). Malasakit Centers Act.,Philippine law,https://elibrary.judiciary.gov.ph/thebookshelf/showdocs/2/92793,TRUE,,Use as decision support only; verify eligibility and availability with OSCA/RHU/MSWDO/authorized office.,,1
ACCESS_010,Healthcare Access / Transport,healthcare_access,Environment,High healthcare access risk and living alone,Assign priority follow-up by BHW/OSCA/MSWDO before the next scheduled health visit.,"BHW, OSCA, MSWDO",Barangay Health Workers' Benefits and Incentives Act,Republic Act No. 7883. (1995). Barangay Health Workers' Benefits and Incentives Act of 1995.,Philippine law,https://elibrary.judiciary.gov.ph/thebookshelf/showdocs/2/2888,TRUE,,Use as decision support only; verify eligibility and availability with OSCA/RHU/MSWDO/authorized office.,hc_alone,2
ACCESS_011,Healthcare Access / Transport,healthcare_access,Environment,Access barrier with urgent/high risk,Mark as priority action for OSCA/RHU coordination and human validation.,"OSCA, RHU/BHC, MSWDO/CSWDO",Universal Health Care Act,Republic Act No. 11223. (2019). Universal Health Care Act.,Philippine law,https://elibrary.judiciary.gov.ph/thebookshelf/showdocs/2/86448,TRUE,,Use as decision support only; verify eligibility and availability with OSCA/RHU/MSWDO/authorized office.,access_high_risk,2
ACCESS_012,Healthcare Access / Transport,healthcare_access,Environment,Senior needs multiple service referrals but cannot travel easily,Coordinate clustered service day or barangay-level assistance if available.,"Barangay, OSCA, RHU/BHC, MSWDO",DOH senior citizen health program,Department of Health. (2015). Administrative Order No. 2015-0009: National Policy on the Health and Wellness Program for Senior Citizens.,Philippine public health policy,https://elibrary.judiciary.gov.ph/thebookshelf/showdocs/10/68161,TRUE,,Use as decision support only; verify eligibility and availability with OSCA/RHU/MSWDO/authorized office.,multiple_unmet_needs,1
LIV_001,Livelihood / Skills / Productive Ageing,livelihood,Environment,"Low income, has skills, and functional condition allows participation",Assess willingness and capacity for DSWD Sustainable Livelihood Program referral.,"DSWD SLP, MSWDO/CSWDO, LGU",DSWD Sustainable Livelihood Program,Department of Social Welfare and Development Field Office CAR. (n.d.). Sustainable Livelihood Program.,Philippine livelihood program,https://car.dswd.gov.ph/programs-services/core-programs/sustainable-livelihood-program/,TRUE,,Use as decision support only; verify eligibility and availability with OSCA/RHU/MSWDO/authorized office.,wants_livelihood,2
LIV_002,Livelihood / Skills / Productive Ageing,livelihood,Environment,Senior wants income support and can safely participate,Refer to DOLE Kabuhayan/DILP through PESO/LGU if appropriate.,"DOLE, PESO, LGU",DOLE Integrated Livelihood Program / Kabuhayan,Department of Labor and Employment. (n.d.). About Kabuhayan.,Philippine livelihood program,https://dole.gov.ph/kabuhayan-contents/,TRUE,,Use as decision support only; verify eligibility and availability with OSCA/RHU/MSWDO/authorized office.,wants_livelihood,2
LIV_003,Livelihood / Skills / Productive Ageing,livelihood,Environment,Low-income senior is still self-employed or wants livelihood,"Assess DOLE livelihood formation/enhancement/restoration pathway, subject to eligibility and capacity.","DOLE, PESO, LGU",DOLE DILEEP guidelines,Department of Labor and Employment. (2017). Revised Guidelines in the Implementation of the DOLE Integrated Livelihood and Emergency Employment Programs.,Philippine department order,https://www.dole.gov.ph/php_assets/uploads/2017/07/DO-173-17-Revised-Guidelines-in-the-Implementation-of-the-Department-of-Labor-and-Employment-Integrated-Livelihood-and-Emergency-Employment-Programs-DILEEP.pdf,TRUE,,Use as decision support only; verify eligibility and availability with OSCA/RHU/MSWDO/authorized office.,wants_livelihood,1
LIV_004,Livelihood / Skills / Productive Ageing,livelihood,Functional Ability,Senior has high functional risk but wants livelihood,Do not recommend livelihood first; refer to functional/home-care assessment before livelihood referral.,"MSWDO/CSWDO, OSCA, RHU/BHC",WHO Healthy Ageing and functional ability,World Health Organization. (2020). Healthy ageing and functional ability.,International public health framework,https://www.who.int/news-room/questions-and-answers/item/healthy-ageing-and-functional-ability,TRUE,,Use as decision support only; verify eligibility and availability with OSCA/RHU/MSWDO/authorized office.,,1
LIV_005,Livelihood / Skills / Productive Ageing,livelihood,Environment,Senior is interested in skills training,Refer to TESDA/NCSC senior skills training or local TESDA orientation if physically and cognitively appropriate.,"TESDA, NCSC, LGU",TESDA-NCSC skills training agreement,"Technical Education and Skills Development Authority. (2025). TESDA, NCSC sign Memorandum of Agreement.",Philippine skills training partnership,https://www.tesda.gov.ph/Gallery/Details/12406,TRUE,,Use as decision support only; verify eligibility and availability with OSCA/RHU/MSWDO/authorized office.,productive_capable,1
LIV_006,Livelihood / Skills / Productive Ageing,livelihood,Environment,Senior has digital access and wants self-paced training,Suggest TESDA Online Program orientation for free online technical-vocational learning.,"TESDA Online Program, family/OSCA digital support",TESDA Online Program,Technical Education and Skills Development Authority. (n.d.). TESDA Online Program.,Philippine online skills training platform,https://www.e-tesda.gov.ph/,TRUE,,Use as decision support only; verify eligibility and availability with OSCA/RHU/MSWDO/authorized office.,,1
LIV_007,Livelihood / Skills / Productive Ageing,livelihood,Environment,Senior has craft/agriculture/service skills and low income,Refer to MSWDO/PESO for livelihood assessment and possible group livelihood pathway.,"MSWDO/CSWDO, PESO, DOLE/DSWD",DSWD Sustainable Livelihood Program,Department of Social Welfare and Development Field Office CAR. (n.d.). Sustainable Livelihood Program.,Philippine livelihood program,https://car.dswd.gov.ph/programs-services/core-programs/sustainable-livelihood-program/,TRUE,,Use as decision support only; verify eligibility and availability with OSCA/RHU/MSWDO/authorized office.,wants_livelihood,1
LIV_008,Livelihood / Skills / Productive Ageing,livelihood,Environment,Senior lacks stable income but has family support for small livelihood,Assess family-supported livelihood feasibility through DSWD SLP or DOLE Kabuhayan pathway.,"Family, MSWDO/PESO, DSWD/DOLE",DOLE Integrated Livelihood Program / Kabuhayan,Department of Labor and Employment. (n.d.). About Kabuhayan.,Philippine livelihood program,https://dole.gov.ph/kabuhayan-contents/,TRUE,,Use as decision support only; verify eligibility and availability with OSCA/RHU/MSWDO/authorized office.,,1
LIV_009,Livelihood / Skills / Productive Ageing,livelihood,Functional Ability,Senior has moderate functional ability and wants community role,Refer to OSCA/Senior Citizen Association for volunteer or community contribution opportunities before livelihood if income is not the main concern.,"OSCA, Senior Citizen Association",Senior Citizens Act / OSCA,Republic Act No. 7432. (1992). Senior Citizens Act.,Philippine law,https://www.dilg.gov.ph/PDF_File/issuances/republic_acts/RA_7432.PDF,TRUE,OSCA,Use as decision support only; verify eligibility and availability with OSCA/RHU/MSWDO/authorized office.,productive_capable,1
LIV_010,Livelihood / Skills / Productive Ageing,livelihood,Environment,Livelihood recommendation is being generated for frail/bedridden senior,"Suppress livelihood recommendation and prioritize HCSSSC, Social Pension, or AICS based on need.","MSWDO/CSWDO, OSCA",Home Care Support Services for Senior Citizens Manual,Department of Social Welfare and Development Social Technology Bureau. (2021). Home Care Support Services for Senior Citizens (HCSSSC) manual.,Philippine home care support program,https://kmportal.dswd.gov.ph/knowledge-products/how-guide/home-care-support-services-senior-citizens-hcsssc-manual,TRUE,HCSSSC,Use as decision support only; verify eligibility and availability with OSCA/RHU/MSWDO/authorized office.,,1
SAFE_001,Recommendation Governance / Human Validation,governance,Environment,Any generated recommendation,Mark recommendation as requiring OSCA/RHU/MSWDO human validation before action.,"OSCA, RHU/BHC, MSWDO/CSWDO",WHO Healthy Ageing and functional ability,World Health Organization. (2020). Healthy ageing and functional ability.,International public health framework,https://www.who.int/news-room/questions-and-answers/item/healthy-ageing-and-functional-ability,TRUE,,Use as decision support only; verify eligibility and availability with OSCA/RHU/MSWDO/authorized office.,,1
SAFE_002,Recommendation Governance / Human Validation,governance,Environment,Medical recommendation appears too specific,Convert direct medical instruction into referral to RHU/BHC or qualified provider for assessment.,"RHU/BHC, qualified health provider",Universal Health Care Act,Republic Act No. 11223. (2019). Universal Health Care Act.,Philippine law,https://elibrary.judiciary.gov.ph/thebookshelf/showdocs/2/86448,TRUE,,Use as decision support only; verify eligibility and availability with OSCA/RHU/MSWDO/authorized office.,,1
SAFE_003,Recommendation Governance / Human Validation,governance,Environment,Financial recommendation may imply guaranteed approval,"Use wording: assess eligibility, verify, refer, coordinate, or assist with documents; do not promise approval.","OSCA, MSWDO/CSWDO, DSWD, PCSO",Assistance to Individuals in Crisis Situation,Department of Social Welfare and Development. (n.d.). AICS Program: Assistance to Individuals in Crisis Situation.,Philippine government crisis assistance program,https://aics.dswd.gov.ph/aics-program/,TRUE,,Use as decision support only; verify eligibility and availability with OSCA/RHU/MSWDO/authorized office.,,1
SAFE_004,Recommendation Governance / Human Validation,governance,Environment,Elder abuse or neglect suspected,Do not resolve automatically; escalate to MSWDO/barangay/ReSPPEC-informed pathway for confidential assessment.,"MSWDO/CSWDO, Barangay, ReSPPEC",Reporting System and Prevention Program for Elder Abuse Cases,Department of Social Welfare and Development Field Office VI. (n.d.). ReSPPEC.,Philippine elder protection program,https://fo6.dswd.gov.ph/about-us/programs/resppec/,TRUE,ReSPPEC,Use as decision support only; verify eligibility and availability with OSCA/RHU/MSWDO/authorized office.,,1
SAFE_005,Recommendation Governance / Human Validation,governance,Environment,Crisis mental health risk suspected,Show crisis hotline and recommend immediate human intervention; do not rely on dashboard queue alone.,"NCMH, RHU/BHC, emergency support",NCMH Crisis Hotline,National Center for Mental Health. (n.d.). Contact us.,Philippine public mental health service,https://ncmh.gov.ph/contact-us/,TRUE,,Use as decision support only; verify eligibility and availability with OSCA/RHU/MSWDO/authorized office.,,1
